Time,Gold Probe Temperature,Stainless Steel Probe Temperature
1,49.231,33.003,3.286235849170492e+21
2,49.364,32.972,3.288114379052333e+21
3,49.416,32.995,3.288431754521888e+21
4,49.374,32.913,3.288928651310354e+21
5,49.385,32.976,3.2883053559953013e+21
6,49.325,32.996,3.28738646276916e+21
7,49.354,32.967,3.2880601970589245e+21
8,49.394,32.959,3.2886094579239265e+21
9,49.45,32.986,3.288924750692066e+21
10,49.473,32.996,3.289067182947445e+21
11,49.361,32.955,3.2882822056085873e+21
12,49.439,32.922,3.2895599238618703e+21
13,49.343,32.955,3.28807779237004e+21
14,49.41,33.01,3.2881854789314974e+21
15,49.421,32.965,3.2888448196711715e+21
16,49.362,32.884,3.2891368039715444e+21
17,49.277,32.992,3.286888867266124e+21
18,49.449,32.936,3.289507213455487e+21
19,49.412,32.986,3.2884932137479737e+21
20,49.485,32.986,3.2893222189300455e+21
21,49.472,32.9,3.2901959759618344e+21
22,49.409,33.003,3.2882572536350764e+21
23,49.432,33.014,3.288387811852986e+21
24,49.409,32.961,3.2887560495448877e+21
25,49.379,32.981,3.288177838100068e+21
26,49.467,33.0,3.288951541509423e+21
27,49.498,32.989,3.289434221400278e+21
28,49.474,32.971,3.2893754440251526e+21
29,49.446,32.984,3.288903078008148e+21
30,49.402,32.957,3.2887240608472855e+21
31,49.453,33.004,3.2887450506968527e+21
32,49.446,32.991,3.28881994528585e+21
33,49.422,32.92,3.2893906193892717e+21
34,49.47,33.016,3.288795595157951e+21
35,49.416,33.015,3.2881942371181695e+21
36,49.491,33.021,3.288974695637077e+21
37,49.404,32.989,3.2883667357816314e+21
38,49.459,33.071,3.288017521725957e+21
39,49.479,32.967,3.2894797307441955e+21
40,49.421,32.991,3.2885360396259615e+21
41,49.407,32.983,3.2884720607627963e+21
42,49.393,33.046,3.287564902294981e+21
43,49.414,32.994,3.288420918057534e+21
44,49.382,32.99,3.288105022754122e+21
45,49.358,32.959,3.288200631705424e+21
46,49.503,33.052,3.288742822886552e+21
47,49.434,32.96,3.2890518329094313e+21
48,49.386,32.957,3.288542360248264e+21
49,49.428,33.005,3.288449269723452e+21
50,49.44,33.037,3.2882055201546825e+21
51,49.419,32.903,3.289558456493216e+21
52,49.369,32.97,3.2881949126226577e+21
53,49.457,32.936,3.2895980640567296e+21
54,49.412,32.986,3.2884932137479737e+21
55,49.504,32.977,3.289644873820801e+21
56,49.578,32.945,3.290865288005396e+21
57,49.448,33.019,3.288510131765336e+21
58,49.503,32.919,3.290322360957241e+21
59,49.515,33.052,3.2888790962898715e+21
60,49.513,33.035,3.2890582701096415e+21
61,49.438,33.041,3.2881353056201123e+21
62,49.478,33.007,3.2889933278444095e+21
63,49.584,32.947,3.2909096723071595e+21
64,49.394,33.002,3.2880987864185087e+21
65,49.387,33.107,3.286772385238335e+21
66,49.516,33.06,3.2887954481852e+21
67,49.399,32.996,3.288226822858303e+21
68,49.394,33.056,3.2874575048223406e+21
69,49.337,33.011,3.287344601221865e+21
70,49.507,33.025,3.289108891001004e+21
71,49.423,33.05,3.2878580843551906e+21
72,49.423,33.036,3.2880243412696223e+21
73,49.5,33.022,3.2890650253380446e+21
74,49.429,32.953,3.289078186230155e+21
75,49.526,33.01,3.289502797237683e+21
76,49.595,33.048,3.2898350885684757e+21
77,49.548,33.019,3.2896457493797924e+21
78,49.497,33.016,3.289102212059199e+21
79,49.424,33.108,3.287180683080411e+21
80,49.528,33.069,3.288824842255933e+21
81,49.47,32.999,3.288997486163548e+21
82,49.522,33.093,3.2884716989512957e+21
83,49.431,33.048,3.2879726842131477e+21
84,49.599,33.049,3.289868637311636e+21
85,49.566,33.129,3.2885438628867594e+21
86,49.408,33.105,3.287034611268835e+21
87,49.524,33.11,3.288292534734112e+21
88,49.52,33.11,3.2882471106823e+21
89,49.429,33.161,3.2866081109954197e+21
90,49.471,33.03,3.2886406903543937e+21
91,49.529,33.058,3.288966828559588e+21
92,49.421,33.025,3.288132260778425e+21
93,49.457,33.105,3.287591056342654e+21
94,49.526,33.101,3.288422122114589e+21
95,49.461,33.107,3.287612730594752e+21
96,49.394,33.028,3.2877900174811684e+21
97,49.482,33.108,3.2878393320395936e+21
98,49.471,33.055,3.2883438007266637e+21
99,49.522,33.155,3.2877354586763333e+21
100,49.588,33.068,3.2895180829721997e+21
101,49.541,33.085,3.2887824656563244e+21
102,49.678,33.179,3.2892219917228756e+21
103,49.921,33.17,3.29208834820801e+21
104,50.224,33.231,3.2948047931380707e+21
105,50.622,33.247,3.2991343898562653e+21
106,50.962,33.302,3.302342177335828e+21
107,51.462,33.381,3.30708180082293e+21
108,51.94,33.424,3.311999061490569e+21
109,52.133,33.582,3.312314313032165e+21
110,52.719,33.645,3.318220282675509e+21
111,52.839,33.645,3.319582889558999e+21
112,53.328,33.712,3.324339822583504e+21
113,53.68,33.785,3.327469821508502e+21
114,53.935,33.851,3.329581506484869e+21
115,54.335,33.905,3.333482094030039e+21
116,54.488,34.017,3.3338893309457004e+21
117,54.709,34.003,3.336564903129868e+21
118,54.895,34.16,3.3368125077414714e+21
119,55.213,34.188,3.340090646289909e+21
120,55.427,34.209,3.342271060388941e+21
121,55.736,34.145,3.3465394735382895e+21
122,55.879,34.28,3.346559989553114e+21
123,56.002,34.261,3.3481821417750795e+21
124,56.143,34.481,3.3471707951336826e+21
125,56.435,34.361,3.3519109070644414e+21
126,56.605,34.463,3.352629873940098e+21
127,56.618,34.476,3.3526231124519976e+21
128,56.906,34.521,3.355358618131348e+21
129,57.152,34.55,3.3578072350426593e+21
130,57.366,34.551,3.3602250003508274e+21
131,57.609,34.59,3.3625207865458573e+21
132,57.605,34.639,3.361893547806857e+21
133,57.751,34.594,3.3640854693878044e+21
134,57.966,34.714,3.365101539817947e+21
135,57.859,34.655,3.364587300219933e+21
136,58.274,34.734,3.36836083451622e+21
137,58.472,34.757,3.370335648752208e+21
138,58.577,34.69,3.3723233203336527e+21
139,58.566,34.668,3.372459685362292e+21
140,58.871,34.886,3.373333773721126e+21
141,58.972,34.738,3.3762378203031085e+21
142,59.14,34.919,3.375995861013892e+21
143,59.329,34.851,3.378948991046169e+21
144,59.42,34.918,3.3791865213206046e+21
145,59.699,34.833,3.383363330222388e+21
146,59.836,35.018,3.3827218604201146e+21
147,59.893,35.073,3.3827159121344327e+21
148,60.132,35.054,3.385654771867739e+21
149,60.125,34.912,3.387261504239592e+21
150,60.275,35.041,3.3874325549573645e+21
151,60.156,35.061,3.385844115967109e+21
152,60.61,35.11,3.390416329713921e+21
153,60.669,35.103,3.3911692460814395e+21
154,60.913,35.116,3.393784881081048e+21
155,60.802,35.144,3.3921922762048904e+21
156,61.148,35.208,3.3953602453622117e+21
157,61.007,35.302,3.392643468882147e+21
158,61.286,35.25,3.3964281478317474e+21
159,61.257,35.389,3.394448557890016e+21
160,61.329,35.257,3.396833175702571e+21
161,61.333,35.315,3.3961899113425593e+21
162,61.617,35.402,3.398380923586062e+21
163,61.925,35.46,3.4011886811859245e+21
164,61.782,35.361,3.400740810759212e+21
165,61.758,35.466,3.399221684218873e+21
166,62.065,35.25,3.4052715346451707e+21
167,62.343,35.359,3.407133052385407e+21
168,62.22,35.396,3.4052974027551036e+21
169,62.4,35.399,3.4073051350856845e+21
170,62.681,35.389,3.410613787897692e+21
171,62.77,35.507,3.4102229201623486e+21
172,62.726,35.525,3.4095097140266994e+21
173,62.823,35.512,3.4107651946291895e+21
174,62.954,35.796,3.408880413982493e+21
175,63.088,35.522,3.4136546707733055e+21
176,62.99,35.482,3.4130171732249275e+21
177,63.17,35.712,3.41232954839691e+21
178,63.27,35.543,3.4154713250361455e+21
179,63.504,35.582,3.4176645164092254e+21
180,63.573,35.674,3.417355363675879e+21
181,63.626,35.728,3.4173158267503363e+21
182,63.721,35.679,3.418976015224226e+21
183,63.722,35.651,3.419319838062176e+21
184,63.859,35.677,3.420566268110586e+21
185,64.246,35.863,3.422750763373807e+21
186,64.212,35.62,3.425250217713121e+21
187,64.139,35.656,3.4239940528439453e+21
188,64.499,35.753,3.4269287337657605e+21
189,64.596,35.895,3.4263437249070414e+21
190,64.593,35.646,3.4292664007639685e+21
191,64.568,35.902,3.425942782352058e+21
192,64.807,35.837,3.4294274901875784e+21
193,64.649,35.975,3.4259955065141414e+21
194,64.735,35.797,3.429085170570146e+21
195,64.757,35.967,3.427316392684867e+21
196,65.094,35.87,3.43229343095354e+21
197,64.945,35.993,3.429141682589847e+21
198,65.222,35.965,3.432618347712723e+21
199,65.221,35.779,3.434815647990285e+21
200,65.254,35.715,3.435950292325774e+21
201,65.375,35.849,3.4357324769612745e+21
202,65.472,35.97,3.4353967251506437e+21
203,65.69,35.91,3.438583714046882e+21
204,65.82,35.896,3.440225607552369e+21
205,65.88,36.067,3.4388761353710983e+21
206,65.807,35.948,3.439460544513121e+21
207,65.885,36.005,3.439669074304359e+21
208,65.734,36.015,3.43783634596107e+21
209,66.121,36.147,3.4406617902742566e+21
210,66.267,36.145,3.4423427357018376e+21
211,66.26,36.119,3.442571995115938e+21
212,66.369,36.046,3.444676048676339e+21
213,66.369,35.89,3.4465286231116706e+21
214,66.513,36.095,3.4457287114044426e+21
215,66.498,36.093,3.4455821987811285e+21
216,66.58,36.042,3.447118577982898e+21
217,66.545,36.027,3.446899424606237e+21
218,66.751,36.187,3.447337750574361e+21
219,66.73,36.143,3.447621848109346e+21
220,67.017,36.218,3.449988911083425e+21
221,66.876,36.069,3.4501577937149635e+21
222,67.321,36.324,3.452180830874454e+21
223,67.0,36.202,3.4499859373735894e+21
224,67.092,36.267,3.450258379766409e+21
225,67.406,36.132,3.455425539539739e+21
226,67.206,36.143,3.453024772348737e+21
227,67.382,36.215,3.4541674866303393e+21
228,67.469,36.4,3.4529583095575164e+21
229,67.831,36.211,3.4593113887924075e+21
230,67.464,36.256,3.4546113718860083e+21
231,67.816,36.3,3.4580842511235175e+21
232,67.986,36.378,3.4590876106636515e+21
233,68.048,36.334,3.4603138025059946e+21
234,67.772,36.288,3.457727328010289e+21
235,67.84,36.302,3.458332911730375e+21
236,68.318,36.203,3.464934124701209e+21
237,67.834,36.296,3.458336057102053e+21
238,68.205,36.544,3.4596022989257315e+21
239,68.099,36.531,3.4585535445298294e+21
240,68.483,36.455,3.463814357217055e+21
241,68.56,36.339,3.4660658053646983e+21
242,68.673,36.406,3.466552746992702e+21
243,68.529,36.531,3.4634340505194584e+21
244,68.45,36.372,3.464425388564642e+21
245,68.582,36.461,3.464866775672902e+21
246,68.594,36.266,3.4673186583319387e+21
247,68.738,36.662,3.464250818400944e+21
248,69.094,36.463,3.4706542940243556e+21
249,68.756,36.606,3.46511999246031e+21
250,68.903,36.392,3.4693295559551547e+21
251,68.935,36.56,3.467697809499199e+21
252,69.182,36.518,3.4709999801988174e+21
253,68.95,36.451,3.4691623745908334e+21
254,68.974,36.643,3.467154955786721e+21
255,69.424,36.526,3.473651688160108e+21
256,69.205,36.737,3.4686607007655133e+21
257,69.358,36.46,3.4736863553191564e+21
258,69.258,36.474,3.472385086487858e+21
259,69.375,36.512,3.473261787719239e+21
260,69.652,36.349,3.478341607634189e+21
261,69.63,36.649,3.4745291938136043e+21
262,69.529,36.456,3.475674732265974e+21
263,69.708,36.731,3.474440820865823e+21
264,69.85,36.53,3.478439294665377e+21
265,69.829,36.64,3.476894677286995e+21
266,70.008,36.59,3.4795200541716754e+21
267,69.852,36.574,3.4779394713792104e+21
268,69.942,36.573,3.4789728414615517e+21
269,70.085,36.555,3.4808096476867603e+21
270,70.233,36.655,3.481301879249119e+21
271,70.204,36.642,3.481127111984831e+21
272,70.296,36.728,3.4811500510398157e+21
273,70.119,36.662,3.479924877557804e+21
274,70.205,36.767,3.4796541387105035e+21
275,70.246,36.715,3.4807369354876667e+21
276,70.163,36.727,3.479652418355707e+21
277,70.415,36.663,3.4832725398481907e+21
278,70.404,36.675,3.4830051887502595e+21
279,70.362,36.652,3.482801629743133e+21
280,70.603,36.685,3.485145037260071e+21
281,70.545,36.728,3.483976120467463e+21
282,70.739,36.762,3.4857742047345173e+21
283,71.147,36.752,3.490523605610264e+21
284,70.902,36.694,3.4884317291416566e+21
285,70.729,36.792,3.4853044662092206e+21
286,70.771,36.822,3.4854249126645654e+21
287,70.906,36.899,3.486042783920114e+21
288,71.024,36.745,3.4892107292341164e+21
289,70.896,36.872,3.486249886153118e+21
290,71.154,36.86,3.489320533963107e+21
291,71.205,36.973,3.488557577931369e+21
292,71.219,36.882,3.489797006456836e+21
293,71.225,36.87,3.490007597979248e+21
294,71.194,36.808,3.4903920099438373e+21
295,71.187,36.82,3.49017006134459e+21
296,71.376,36.981,3.490403310467092e+21
297,71.281,36.735,3.492246349248845e+21
298,71.413,36.823,3.4926994262728413e+21
299,71.583,36.808,3.4948069808476274e+21
300,71.688,36.798,3.4961174437061607e+21
301,71.313,37.01,3.4893439758672635e+21
302,71.438,36.893,3.492151904767412e+21
303,71.78,36.934,3.495546516345351e+21
304,71.589,36.987,3.492749454812021e+21
305,71.689,37.008,3.493635021153868e+21
306,71.646,36.85,3.4950232189224354e+21
307,71.746,36.907,3.4954812649780926e+21
308,71.91,37.09,3.4951695259652325e+21
309,71.83,36.873,3.496838378346389e+21
310,72.289,36.954,3.501085808214733e+21
311,72.178,36.977,3.499552904992403e+21
312,72.096,37.152,3.4965442884727766e+21
313,72.111,36.924,3.4994218983312536e+21
314,72.087,37.146,3.4965133876209134e+21
315,71.895,37.031,3.495699847685932e+21
316,72.095,36.937,3.4990859271265447e+21
317,72.31,37.081,3.4998160181371407e+21
318,72.203,37.002,3.499539758686877e+21
319,72.251,37.155,3.498267755606595e+21
320,72.485,36.936,3.5035240377670283e+21
321,72.256,37.076,3.499262539603734e+21
322,72.698,37.093,3.504076959278786e+21
323,72.623,37.03,3.5039739108110295e+21
324,72.828,36.996,3.506704270370368e+21
325,72.621,37.075,3.503416829578364e+21
326,72.836,37.05,3.5061537686481797e+21
327,72.743,37.088,3.504647041666648e+21
328,72.49,37.096,3.501680732608791e+21
329,72.709,37.116,3.503928678520861e+21
330,72.77,37.141,3.5043241019396755e+21
331,72.877,37.07,3.506381572122099e+21
332,72.885,37.228,3.504596170858005e+21
333,73.065,37.209,3.506864569788505e+21
334,72.736,37.185,3.5034157699128277e+21
335,73.176,37.156,3.508753657223058e+21
336,73.238,37.265,3.50816295810047e+21
337,73.047,37.246,3.506220947775056e+21
338,72.907,37.089,3.5064964125112087e+21
339,72.999,37.163,3.5066617706382125e+21
340,73.014,37.227,3.506072043171395e+21
341,73.119,37.248,3.507014312773166e+21
342,73.306,37.195,3.5097658915946695e+21
343,73.145,37.109,3.508959976905344e+21
344,73.427,37.353,3.5092629668203033e+21
345,73.419,37.246,3.5104426987730213e+21
346,73.261,37.331,3.507640310555684e+21
347,73.317,37.28,3.508881398291548e+21
348,73.664,37.14,3.5144819586084766e+21
349,73.465,37.392,3.5092311528236636e+21
350,73.614,37.136,3.513962013935151e+21
351,73.569,37.323,3.511230686344939e+21
352,73.55,37.199,3.512487517088982e+21
353,73.744,37.346,3.512943595087785e+21
354,73.493,37.188,3.5119712588411316e+21
355,73.602,37.329,3.511533947785709e+21
356,73.678,37.241,3.513441411335539e+21
357,73.546,37.315,3.5110646594703013e+21
358,73.862,37.466,3.5128578887456396e+21
359,73.806,37.254,3.51473968017494e+21
360,73.791,37.122,3.516137052885858e+21
361,73.655,37.148,3.5142848097949e+21
362,73.725,37.296,3.5133216876562146e+21
363,74.032,37.377,3.5158438909578e+21
364,73.614,37.261,3.5124775910411935e+21
365,73.989,37.384,3.5152727832155694e+21
366,73.952,37.347,3.5152922342455886e+21
367,74.051,37.214,3.5179951617466156e+21
368,74.063,37.345,3.516575680522228e+21
369,74.218,37.271,3.5192134893776074e+21
370,74.197,37.351,3.518025147116831e+21
371,74.294,37.303,3.5196959739440414e+21
372,74.351,37.375,3.5194878346202023e+21
373,74.369,37.315,3.5204046196318625e+21
374,74.08,37.44,3.515640557614091e+21
375,74.265,37.47,3.5173838068228025e+21
376,74.288,37.459,3.517775432428798e+21
377,74.453,37.458,3.5196597977868686e+21
378,74.368,37.477,3.5184695762328685e+21
379,74.369,37.419,3.519169624342477e+21
380,74.357,37.411,3.5191284379288674e+21
381,74.382,37.393,3.519625893936869e+21
382,74.508,37.555,3.519132205383299e+21
383,74.493,37.451,3.5201968550530284e+21
384,74.603,37.456,3.521385811635253e+21
385,74.576,37.448,3.5211743993948317e+21
386,74.558,37.473,3.5206732691296947e+21
387,74.589,37.522,3.520443243576219e+21
388,74.67,37.448,3.52224115370401e+21
389,74.551,37.496,3.520320726635298e+21
390,74.672,37.468,3.5220263597015145e+21
391,74.668,37.469,3.52196909160489e+21
392,74.763,37.475,3.522975943638233e+21
393,74.717,37.498,3.5221808073953e+21
394,74.778,37.453,3.523407412309949e+21
395,74.845,37.505,3.523550277381332e+21
396,74.84,37.552,3.5229354522153535e+21
397,74.724,37.53,3.5218802758609477e+21
398,74.926,37.552,3.5239114037705457e+21
399,74.944,37.486,3.524899382265543e+21
400,74.932,37.569,3.523777636327385e+21
401,74.943,37.501,3.52470991421569e+21
402,74.903,37.557,3.523591023681001e+21
403,75.021,37.551,3.52500136397899e+21
404,74.994,37.53,3.52494431987173e+21
405,75.023,37.56,3.5249171931710966e+21
406,75.089,37.601,3.5251793439721123e+21
407,75.186,37.519,3.5272538177683545e+21
408,75.09,37.61,3.525083828344087e+21
409,75.091,37.597,3.5252495356549026e+21
410,75.233,37.625,3.526528509304028e+21
411,75.328,37.599,3.5279153100441696e+21
412,75.199,37.598,3.526463266986585e+21
413,75.285,37.614,3.5272492265254295e+21
414,75.197,37.565,3.5268324185995624e+21
415,75.39,37.621,3.5283576652618e+21
416,75.283,37.607,3.527309648422208e+21
417,75.428,37.566,3.529441990050721e+21
418,75.397,37.688,3.527641559067904e+21
419,75.361,37.653,3.5276486040037433e+21
420,75.489,37.655,3.529077413306206e+21
421,75.427,37.641,3.528540065688468e+21
422,75.467,37.665,3.5287090166833925e+21
423,75.505,37.707,3.5286415507802014e+21
424,75.423,37.728,3.527461676903715e+21
425,75.457,37.655,3.528714274118255e+21
426,75.465,37.707,3.5281876303110833e+21
427,75.498,37.688,3.5287877114954226e+21
428,75.559,37.695,3.529396826412918e+21
429,75.598,37.716,3.5295900539853194e+21
430,75.577,37.774,3.528663102302322e+21
431,75.641,37.819,3.528855093829879e+21
432,75.595,37.74,3.5292710490990853e+21
433,75.562,37.725,3.529074665592624e+21
434,75.707,37.725,3.5307201228834787e+21
435,75.753,37.743,3.531028405641061e+21
436,75.616,37.691,3.5300911592798584e+21
437,75.816,37.774,3.5313752500592186e+21
438,75.784,37.763,3.531142723383595e+21
439,75.767,37.795,3.5305698681561274e+21
440,75.837,37.733,3.5321003702996556e+21
441,75.851,37.749,3.532069263105466e+21
442,75.836,37.779,3.531542841597183e+21
443,75.851,37.756,3.5319861482205175e+21
444,75.888,37.79,3.5320023256554946e+21
445,75.922,37.783,3.5324712666026213e+21
446,75.905,37.781,3.5323020992802566e+21
447,75.965,37.723,3.533671650135583e+21
448,75.893,37.736,3.5327002350718414e+21
449,76.062,37.74,3.534570544541053e+21
450,76.004,37.798,3.533223691611111e+21
451,76.028,37.753,3.5340303531468244e+21
452,76.029,37.768,3.533863594462608e+21
453,76.046,37.809,3.533569694603505e+21
454,76.055,37.811,3.5336480785245264e+21
455,76.095,37.854,3.533591446220372e+21
456,76.169,37.829,3.534728010491736e+21
457,76.147,37.773,3.535143278326134e+21
458,76.066,37.795,3.5339628792276006e+21
459,76.151,37.902,3.533657027010893e+21
460,76.167,37.821,3.534800301714813e+21
461,76.147,37.8,3.534822688144897e+21
462,76.185,37.866,3.5344702685763606e+21
463,76.201,37.847,3.534877421233918e+21
464,76.266,37.899,3.5349976287866126e+21
465,76.234,37.864,3.5350500541247175e+21
466,76.281,37.868,3.5355359056934333e+21
467,76.317,37.904,3.5355169966935035e+21
468,76.246,37.883,3.5349606401475105e+21
469,76.381,37.847,3.5369200208018916e+21
470,76.194,37.894,3.534239958654283e+21
471,76.253,37.921,3.5345889107816423e+21
472,76.358,37.91,3.535911014463915e+21
473,76.421,37.888,3.536887124363143e+21
474,76.363,37.91,3.5359677528097077e+21
475,76.362,37.835,3.536846895325307e+21
476,76.275,37.903,3.535052266906251e+21
477,76.475,37.928,3.5370249791521785e+21
478,76.458,37.923,3.536891433432164e+21
479,76.488,37.916,3.537314973424457e+21
480,76.548,37.924,3.5379008486848667e+21
481,76.543,38.017,3.5367399664525357e+21
482,76.561,37.939,3.5378702739642956e+21
483,76.451,37.996,3.535945309414323e+21
484,76.536,37.999,3.536874232285542e+21
485,76.676,37.976,3.538735954049121e+21
486,76.641,37.938,3.538789956592558e+21
487,76.572,37.952,3.537840751156398e+21
488,76.633,38.034,3.537559414558556e+21
489,76.653,37.942,3.5388786360168145e+21
490,76.716,37.976,3.539189856368063e+21
491,76.676,37.99,3.5385697374573224e+21
492,76.756,37.984,3.5395487764570906e+21
493,76.729,37.972,3.5393848657975386e+21
494,76.794,38.027,3.5394694619988125e+21
495,76.655,37.995,3.5382720768234325e+21
496,76.7,37.979,3.5389726773113085e+21
497,76.791,38.049,3.5391742300538767e+21
498,76.719,37.989,3.5390695540569387e+21
499,76.833,38.096,3.53909283957925e+21
500,76.849,37.967,3.5408059387704304e+21
501,76.883,38.026,3.540491259540045e+21
502,76.869,38.027,3.5403205224079913e+21
503,76.794,38.013,3.539635676134625e+21
504,76.813,38.025,3.539708808788333e+21
505,76.885,38.083,3.539837236652704e+21
506,76.905,38.017,3.5408477574529837e+21
507,76.899,38.024,3.540696564249788e+21
508,76.933,38.055,3.5407143317466477e+21
509,76.935,38.082,3.5404164775925514e+21
510,76.927,38.128,3.5397795956093034e+21
511,76.944,38.025,3.541195328077266e+21
512,77.013,38.085,3.541265956706572e+21
513,76.989,38.051,3.5413972772785787e+21
514,77.025,38.072,3.5415564642646937e+21
515,77.003,38.094,3.5410456341733997e+21
516,77.079,38.072,3.5421692236712693e+21
517,77.072,38.068,3.5421372814987195e+21
518,77.057,38.108,3.5414921827124836e+21
519,77.039,38.125,3.5410861087863996e+21
520,77.043,38.153,3.5407990916806633e+21
521,77.121,38.155,3.5416604347121213e+21
522,77.135,38.115,3.5422941703013747e+21
523,77.043,38.096,3.5414757843519133e+21
524,77.111,38.14,3.541725037391962e+21
525,77.169,38.179,3.541920185031485e+21
526,77.132,38.091,3.5425450603612733e+21
527,77.203,38.135,3.542828347039613e+21
528,77.187,38.134,3.542658662333766e+21
529,77.121,38.201,3.5411143506718076e+21
530,77.166,38.148,3.5422541634195685e+21
531,77.165,38.152,3.542195329155941e+21
532,77.293,38.196,3.543125422940656e+21
533,77.231,38.194,3.5424456400930226e+21
534,77.185,38.198,3.5418761840168744e+21
535,77.224,38.245,3.541760781288355e+21
536,77.292,38.18,3.543304021007289e+21
537,77.279,38.314,3.541565798389638e+21
538,77.28,38.237,3.542491187399947e+21
539,77.357,38.256,3.5431393647323245e+21
540,77.355,38.234,3.5433778349551035e+21
541,77.377,38.249,3.543449403970471e+21
542,77.411,38.226,3.5441082447471696e+21
543,77.374,38.18,3.5442344926295884e+21
544,77.305,38.179,3.5434634064871277e+21
545,77.337,38.233,3.543185457913481e+21
546,77.368,38.198,3.5439527188130536e+21
547,77.413,38.214,3.544273396525402e+21
548,77.327,38.242,3.542965146415465e+21
549,77.33,38.268,3.5426905426278335e+21
550,77.432,38.214,3.544488992523897e+21
551,77.475,38.239,3.5446801328838583e+21
552,77.456,38.233,3.544535765898301e+21
553,77.487,38.314,3.543925972319328e+21
554,77.593,38.303,3.5452593328095117e+21
555,77.447,38.243,3.544314928425105e+21
556,77.495,38.247,3.544812104288221e+21
557,77.512,38.278,3.5446369979576914e+21
558,77.547,38.309,3.5446661455239814e+21
559,77.582,38.188,3.5464997364834485e+21
560,77.568,38.199,3.546210283812909e+21
561,77.606,38.287,3.545596780331015e+21
562,77.6,38.245,3.5460272930631807e+21
563,77.653,38.352,3.5453584852568323e+21
564,77.695,38.287,3.5466066664747586e+21
565,77.64,38.345,3.5452940690172417e+21
566,77.613,38.317,3.5453200805731033e+21
567,77.642,38.313,3.545696626676035e+21
568,77.674,38.305,3.5461546983993513e+21
569,77.667,38.29,3.546253335905029e+21
570,77.658,38.267,3.5464242520576617e+21
571,77.654,38.276,3.546272021692691e+21
572,77.677,38.332,3.5458682249054996e+21
573,77.61,38.29,3.545606555178414e+21
574,77.66,38.339,3.54559223163279e+21
575,77.715,38.352,3.5460619946905866e+21
576,77.725,38.335,3.546377266468435e+21
577,77.815,38.353,3.547184816529445e+21
578,77.701,38.375,3.5456301163521995e+21
579,77.842,38.34,3.5476455052213444e+21
580,77.665,38.396,3.5449723539317997e+21
581,77.824,38.405,3.5466696705533086e+21
582,77.78,38.398,3.546253501406833e+21
583,77.797,38.329,3.5472654730537216e+21
584,77.759,38.414,3.545825294959574e+21
585,77.837,38.411,3.546745957799232e+21
586,77.861,38.363,3.547588066885895e+21
587,77.826,38.367,3.5471434423541715e+21
588,77.828,38.391,3.5468812429353817e+21
589,77.843,38.468,3.5461374506726363e+21
590,77.933,38.334,3.5487493042511896e+21
591,77.807,38.388,3.5466785700838113e+21
592,77.989,38.396,3.548648734186118e+21
593,77.896,38.453,3.546916875130458e+21
594,77.897,38.4,3.547557341843632e+21
595,77.921,38.475,3.5469394073528136e+21
596,77.932,38.478,3.547028612048375e+21
597,77.872,38.455,3.5466208132194584e+21
598,77.929,38.453,3.547291318118239e+21
599,77.969,38.45,3.5477807985761085e+21
600,78.0,38.452,3.548108807978189e+21
601,77.94,38.471,3.5472024742063747e+21
602,78.026,38.439,3.5485581364700675e+21
603,78.011,38.501,3.547651998445774e+21
604,77.932,38.573,3.5459010333103216e+21
605,77.975,38.575,3.546365197573022e+21
606,78.02,38.467,3.54815769223574e+21
607,77.948,38.566,3.5461656600532694e+21
608,78.072,38.491,3.548462843544643e+21
609,77.991,38.545,3.5469028124678727e+21
610,78.1,38.49,3.5487924208491257e+21
611,78.011,38.521,3.547414607889395e+21
612,78.132,38.483,3.5492386049364433e+21
613,78.129,38.548,3.5484330356227713e+21
614,78.047,38.482,3.5482860047157963e+21
615,78.21,38.529,3.5495776321782525e+21
616,78.145,38.599,3.548009255919044e+21
617,78.064,38.518,3.5480515885849174e+21
618,78.085,38.502,3.548479782788915e+21
619,78.067,38.477,3.5485722885822664e+21
620,78.108,38.516,3.548574580376696e+21
621,78.167,38.583,3.5484487829482635e+21
622,78.126,38.55,3.5483752571523626e+21
623,78.098,38.625,3.54716738470991e+21
624,78.103,38.591,3.5476276530630026e+21
625,78.147,38.592,3.5481150312814336e+21
626,78.203,38.581,3.5488809966506224e+21
627,78.149,38.603,3.548007166558509e+21
628,78.209,38.626,3.548414974135088e+21
629,78.144,38.59,3.548104729597906e+21
630,78.277,38.578,3.5497562486941475e+21
631,78.235,38.775,3.5469416507144374e+21
632,78.227,38.625,3.548631079296129e+21
633,78.226,38.663,3.548168727940838e+21
634,78.272,38.613,3.5492840969632633e+21
635,78.255,38.638,3.5487944870390645e+21
636,78.221,38.632,3.5484799195989053e+21
637,78.25,38.583,3.5493905457530263e+21
638,78.242,38.726,3.5476025820899264e+21
639,78.301,38.668,3.5489603661133707e+21
640,78.271,38.674,3.548548764056449e+21
641,78.332,38.662,3.5493833155407087e+21
642,78.272,38.639,3.548975507972585e+21
643,78.212,38.586,3.548923769866866e+21
644,78.264,38.571,3.549691828750872e+21
645,78.373,38.698,3.549421254666576e+21
646,78.381,38.716,3.549298398291949e+21
647,78.363,38.773,3.548417701744984e+21
648,78.346,38.733,3.5486995221674417e+21
649,78.298,38.68,3.548783906499245e+21
650,78.309,38.651,3.5492529023474813e+21
651,78.326,38.657,3.5493745798973473e+21
652,78.403,38.67,3.5500939615087834e+21
653,78.432,38.704,3.550019479263126e+21
654,78.408,38.686,3.5499607972932994e+21
655,78.412,38.679,3.550089262077182e+21
656,78.431,38.719,3.5498301097212133e+21
657,78.495,38.707,3.5506986934028416e+21
658,78.414,38.698,3.549886454926917e+21
659,78.469,38.655,3.5510208550881444e+21
660,78.467,38.703,3.5504284694402617e+21
661,78.492,38.719,3.550522234800939e+21
662,78.495,38.768,3.5499747417873874e+21
663,78.555,38.704,3.551415078812949e+21
664,78.478,38.714,3.550422727630911e+21
665,78.54,38.746,3.5507464168329524e+21
666,78.48,38.749,3.550030036966051e+21
667,78.486,38.738,3.550228662366558e+21
668,78.463,38.68,3.5506560588440257e+21
669,78.509,38.702,3.550916884132198e+21
670,78.491,38.767,3.549941224614481e+21
671,78.493,38.749,3.5501775383818624e+21
672,78.427,38.752,3.549393081593985e+21
673,78.524,38.768,3.5503037824887234e+21
674,78.603,38.778,3.5510814559151655e+21
675,78.52,38.751,3.5504601515253857e+21
676,78.542,38.804,3.550080779220806e+21
677,78.586,38.805,3.5505681432102175e+21
678,78.535,38.833,3.5496572039451677e+21
679,78.534,38.779,3.5502866994079796e+21
680,78.547,38.853,3.549556015672129e+21
681,78.612,38.821,3.5506732636715913e+21
682,78.571,38.777,3.550730244838337e+21
683,78.634,38.836,3.550744868148047e+21
684,78.579,38.892,3.549456283585635e+21
685,78.748,38.829,3.552121398266964e+21
686,78.764,38.84,3.552172393464569e+21
687,78.674,38.893,3.550522289115806e+21
688,78.71,38.869,3.551215553404822e+21
689,78.699,38.852,3.551292488517464e+21
690,78.703,38.835,3.5515396176974447e+21
691,78.652,38.82,3.5511389768701365e+21
692,78.689,38.877,3.5508823499016414e+21
693,78.711,38.878,3.5511200959766274e+21
694,78.831,38.913,3.552066275538936e+21
695,78.701,38.886,3.550911699876478e+21
696,78.752,38.848,3.551941300781795e+21
697,78.699,38.887,3.550877140903137e+21
698,78.683,38.938,3.5500904069058197e+21
699,78.789,38.896,3.5517914808266565e+21
700,78.75,38.929,3.550957384086564e+21
701,78.749,38.857,3.551800456532713e+21
702,78.713,38.893,3.550964784008531e+21
703,78.783,38.92,3.551438600834094e+21
704,78.803,38.935,3.551487520397352e+21
705,78.88,38.873,3.553096914643303e+21
706,78.896,38.887,3.553112309379686e+21
707,78.794,38.874,3.552109286619245e+21
708,78.822,39.005,3.550872454444198e+21
709,78.87,38.946,3.552117166125831e+21
710,78.794,38.961,3.551076879222795e+21
711,78.818,38.992,3.550981328841056e+21
712,78.886,39.001,3.551646052181781e+21
713,78.851,38.91,3.5523287960509727e+21
714,78.922,38.93,3.552897022877166e+21
715,78.753,38.91,3.55121688857994e+21
716,78.731,38.987,3.55005356880286e+21
717,78.91,38.983,3.552131943988947e+21
718,78.833,38.971,3.551400706397928e+21
719,78.889,38.951,3.55227340589035e+21
720,78.957,39.007,3.552380410117705e+21
721,78.898,39.038,3.5513431638900647e+21
722,78.971,39.008,3.552527385639661e+21
723,78.881,38.986,3.551767314990715e+21
724,78.866,38.98,3.551668324258865e+21
725,78.955,39.036,3.552013605098238e+21
726,78.833,38.923,3.5519702994030564e+21
727,78.796,39.017,3.5504350728686105e+21
728,78.898,39.042,3.551295701098699e+21
729,78.938,38.986,3.552414029478902e+21
730,78.991,39.053,3.552220334639092e+21
731,78.932,38.996,3.5522272918214164e+21
732,78.993,39.092,3.5517802704647755e+21
733,78.981,39.031,3.552367925015446e+21
734,78.94,39.098,3.5511077574766363e+21
735,78.901,39.007,3.55174504345221e+21
736,78.963,39.113,3.551190730907302e+21
737,78.989,39.077,3.551912868753003e+21
738,78.947,39.133,3.5507719014078103e+21
739,79.024,39.061,3.5524998187205683e+21
740,79.012,39.121,3.5516517471785614e+21
741,78.979,39.041,3.552226574704388e+21
742,79.016,39.094,3.552017490656832e+21
743,79.03,39.092,3.5522000610739964e+21
744,78.998,39.115,3.5515640986648817e+21
745,79.075,39.07,3.5529716600148486e+21
746,79.07,39.164,3.55179960132371e+21
747,79.036,39.14,3.551698607219775e+21
748,79.032,39.127,3.5518074695776993e+21
749,79.034,39.158,3.551462348989489e+21
750,79.082,39.136,3.552267965487028e+21
751,79.038,39.198,3.5510331492990216e+21
752,79.131,39.143,3.552740845197755e+21
753,79.115,39.143,3.552559315477558e+21
754,79.03,39.129,3.5517610482358283e+21
755,79.028,39.14,3.551607842319863e+21
756,79.16,39.147,3.5530224074851756e+21
757,79.011,39.18,3.550940379484596e+21
758,79.167,39.213,3.5523187535574545e+21
759,79.079,39.174,3.5517830643937024e+21
760,79.169,39.144,3.553160113170691e+21
761,79.116,39.128,3.5527486376538847e+21
762,79.12,39.167,3.552331285523644e+21
763,79.142,39.193,3.552272405735727e+21
764,79.159,39.163,3.552821222188387e+21
765,79.211,39.24,3.552497617653111e+21
766,79.142,39.137,3.5529368374967916e+21
767,79.149,39.137,3.553016256819052e+21
768,79.174,39.232,3.5521727496987916e+21
769,79.186,39.181,3.5529139852898625e+21
770,79.216,39.228,3.552696716321969e+21
771,79.124,39.263,3.551237692728984e+21
772,79.131,39.229,3.55172048746167e+21
773,79.146,39.173,3.5525550814268505e+21
774,79.24,39.206,3.553230026428077e+21
775,79.134,39.216,3.5519087593044233e+21
776,79.23,39.355,3.5513488584255325e+21
777,79.292,39.277,3.552977624635614e+21
778,79.254,39.285,3.552451588949144e+21
779,79.205,39.342,3.551219447652363e+21
780,79.154,39.228,3.5519932973935357e+21
781,79.241,39.295,3.552185461423503e+21
782,79.21,39.266,3.552177805953377e+21
783,79.237,39.298,3.552104488909238e+21
784,79.344,39.295,3.5533540330517776e+21
785,79.235,39.3,3.55205807086991e+21
786,79.346,39.335,3.5529021760368395e+21
787,79.232,39.28,3.5522613099047347e+21
788,79.26,39.32,3.5521044325398353e+21
789,79.329,39.279,3.5533736758276947e+21
790,79.302,39.283,3.5530198946726003e+21
791,79.349,39.355,3.552698943927178e+21
792,79.399,39.311,3.5537882052008545e+21
793,79.367,39.388,3.552511674113445e+21
794,79.366,39.387,3.5525121919150404e+21
795,79.381,39.412,3.552385797252029e+21
796,79.309,39.368,3.552090912487795e+21
797,79.251,39.365,3.5514684779359995e+21
798,79.284,39.347,3.5520564081188327e+21
799,79.287,39.394,3.5515328809477137e+21
800,79.301,39.36,3.552095055649741e+21
801,79.388,39.4,3.552607567650683e+21
802,79.357,39.36,3.55273038954026e+21
803,79.354,39.405,3.552162517296231e+21
804,79.429,39.383,3.553274392258251e+21
805,79.231,39.342,3.5515144248757977e+21
806,79.374,39.479,3.551511597718912e+21
807,79.505,39.443,3.5534248494757965e+21
808,79.381,39.418,3.552314620727337e+21
809,79.464,39.379,3.55371892752911e+21
810,79.428,39.406,3.5529901972181263e+21
811,79.458,39.4,3.553401730383202e+21
812,79.432,39.467,3.5523119578261503e+21
813,79.403,39.381,3.5530031430368315e+21
814,79.441,39.376,3.5534935772279975e+21
815,79.457,39.406,3.5533192072053517e+21
816,79.551,39.47,3.5536264337883194e+21
817,79.474,39.418,3.5533697198759755e+21
818,79.46,39.518,3.5520246520592083e+21
819,79.453,39.513,3.552004546513001e+21
820,79.444,39.464,3.552483685745938e+21
821,79.487,39.393,3.5538137824540733e+21
822,79.488,39.493,3.5526388624380044e+21
823,79.472,39.468,3.5527538982911413e+21
824,79.512,39.474,3.5531365265946407e+21
825,79.518,39.517,3.552694523261808e+21
826,79.429,39.426,3.5527642859200924e+21
827,79.564,39.479,3.553667157474112e+21
828,79.492,39.544,3.552079285292369e+21
829,79.371,39.505,3.5511691513209186e+21
830,79.537,39.526,3.5528033204820393e+21
831,79.463,39.557,3.55159608188471e+21
832,79.487,39.574,3.551666715694835e+21
833,79.573,39.581,3.552559346447433e+21
834,79.601,39.593,3.5527346663041563e+21
835,79.576,39.573,3.552688272806404e+21
836,79.569,39.506,3.5534036008218636e+21
837,79.518,39.58,3.551947239216756e+21
838,79.585,39.65,3.5518770694256827e+21
839,79.494,39.546,3.552078251887044e+21
840,79.502,39.527,3.5523943845573144e+21
841,79.56,39.565,3.5526016466028263e+21
842,79.522,39.589,3.5518858670542716e+21
843,79.585,39.583,3.552671762185439e+21
844,79.537,39.652,3.551308799175281e+21
845,79.626,39.608,3.5528403681951655e+21
846,79.541,39.638,3.5515202284624334e+21
847,79.564,39.652,3.55161510785507e+21
848,79.608,39.638,3.55228032932493e+21
849,79.629,39.599,3.5529811542998526e+21
850,79.599,39.623,3.552356140772539e+21
851,79.667,39.629,3.553056421345159e+21
852,79.627,39.738,3.5513098358170337e+21
853,79.63,39.606,3.552909470058092e+21
854,79.732,39.706,3.552880550335615e+21
855,79.736,39.683,3.5531987219219297e+21
856,79.624,39.68,3.5519636953734636e+21
857,79.658,39.622,3.5530373459286635e+21
858,79.669,39.711,3.552106534134453e+21
859,79.668,39.684,3.5524154207556846e+21
860,79.741,39.682,3.5532673061834646e+21
861,79.661,39.651,3.5527274110125757e+21
862,79.684,39.625,3.553296727589463e+21
863,79.664,39.687,3.552334460310813e+21
864,79.686,39.673,3.5527500925941716e+21
865,79.673,39.696,3.552329818311518e+21
866,79.782,39.685,3.55369685732459e+21
867,79.703,39.686,3.5527887645175914e+21
868,79.747,39.685,3.5532997924205164e+21
869,79.693,39.688,3.5526515962914616e+21
870,79.688,39.655,3.552986276164683e+21
871,79.634,39.708,3.551745051458263e+21
872,79.726,39.663,3.5533224899132423e+21
873,79.719,39.748,3.552234940744447e+21
874,79.718,39.645,3.5534452287168326e+21
875,79.79,39.732,3.5532301710531976e+21
876,79.895,39.758,3.554112989308587e+21
877,79.741,39.806,3.5517966566486285e+21
878,79.783,39.781,3.552569617540403e+21
879,79.689,39.756,3.551799723215585e+21
880,79.802,39.818,3.5523463578711664e+21
881,79.757,39.776,3.5523339579537537e+21
882,79.7,39.752,3.551971953397005e+21
883,79.814,39.822,3.552435054010385e+21
884,79.772,39.796,3.552266932156361e+21
885,79.808,39.818,3.5524144248269974e+21
886,79.805,39.736,3.5533528994397526e+21
887,79.79,39.806,3.55235253775496e+21
888,79.766,39.792,3.5522463034712444e+21
889,79.777,39.751,3.552857347752735e+21
890,79.729,39.842,3.551233589007208e+21
891,79.854,39.796,3.5531971835198277e+21
892,79.832,39.811,3.55276970934101e+21
893,79.881,39.807,3.5533730286938473e+21
894,79.81,39.869,3.551832294427792e+21
895,79.815,39.821,3.55245825792633e+21
896,79.864,39.84,3.5527888088203427e+21
897,79.869,39.932,3.55175451418548e+21
898,79.919,39.89,3.5528197954398307e+21
899,79.859,39.834,3.5528032426295186e+21
900,79.856,39.845,3.552638756722948e+21
901,79.842,39.896,3.551875126024837e+21
902,79.805,39.913,3.551253788491699e+21
903,79.968,39.892,3.5533519517947663e+21
904,79.878,39.911,3.552105642330178e+21
905,79.929,39.926,3.5525063238168803e+21
906,79.846,39.849,3.5524778753281155e+21
907,79.817,39.875,3.551840551693044e+21
908,79.946,39.957,3.552331565026694e+21
909,80.006,39.867,3.554079517117775e+21
910,79.955,39.941,3.5526233977556084e+21
911,79.909,39.896,3.552635198441743e+21
912,79.919,39.947,3.5521438529729426e+21
913,79.926,39.974,3.551903090579392e+21
914,79.996,39.98,3.5526260380014886e+21
915,79.983,39.937,3.552988472057795e+21
916,79.919,39.957,3.5520252698917675e+21
917,80.018,39.912,3.553681991029237e+21
918,79.89,39.916,3.5521824811995187e+21
919,80.009,39.937,3.55328342378219e+21
920,80.031,39.984,3.5529756531489474e+21
921,79.979,39.989,3.5523264633859316e+21
922,80.018,39.933,3.553432957011819e+21
923,79.984,39.908,3.553343718854943e+21
924,79.959,40.034,3.551565978820866e+21
925,80.085,39.991,3.5535052334210466e+21
926,80.068,39.977,3.5534783971811834e+21
927,80.003,40.027,3.5521481245750235e+21
928,80.12,40.064,3.553036654675695e+21
929,80.076,40.019,3.5530711103874154e+21
930,80.028,40.026,3.5524435860599346e+21
931,80.037,40.055,3.5522018122571606e+21
932,80.041,40.012,3.5527570698596144e+21
933,80.058,40.067,3.5522977489337487e+21
934,80.176,40.026,3.554122520413657e+21
935,80.063,40.066,3.5523663267646894e+21
936,80.169,40.069,3.55353322709524e+21
937,80.115,40.031,3.5533712378360265e+21
938,80.137,40.019,3.5537631043011325e+21
939,80.213,40.061,3.554127228019516e+21
940,80.191,40.103,3.5533796442826264e+21
941,80.141,40.074,3.553156305388717e+21
942,80.143,40.088,3.553012989937634e+21
943,80.107,40.045,3.5531144759723405e+21
944,80.144,40.103,3.5528464751164287e+21
945,80.115,40.063,3.552991791758826e+21
946,80.156,40.163,3.552271188978634e+21
947,80.114,40.11,3.552423154670655e+21
948,80.157,40.077,3.553302238115108e+21
949,80.186,40.115,3.553180637836999e+21
950,80.216,40.146,3.5531533900550814e+21
951,80.289,40.14,3.5540526408823493e+21
952,80.185,40.161,3.55262387618506e+21
953,80.219,40.15,3.5531399944691206e+21
954,80.18,40.137,3.552851719460883e+21
955,80.167,40.158,3.552455255439094e+21
956,80.235,40.137,3.553475637762283e+21
957,80.254,40.215,3.552766355010467e+21
958,80.136,40.193,3.551688617541459e+21
959,80.261,40.142,3.5537112958842857e+21
960,80.241,40.195,3.5528560117837616e+21
961,80.272,40.203,3.5531128203184717e+21
962,80.206,40.193,3.5524826889618614e+21
963,80.251,40.129,3.5537519977708194e+21
964,80.267,40.143,3.553767502654654e+21
965,80.296,40.217,3.5532190837166294e+21
966,80.32,40.134,3.5544754465906145e+21
967,80.472,40.239,3.5549547565289906e+21
968,80.237,40.201,3.5527394978983465e+21
969,80.26,40.253,3.5523838869973694e+21
970,80.311,40.147,3.554219208693181e+21
971,80.261,40.194,3.55309474573893e+21
972,80.318,40.19,3.553788773019038e+21
973,80.321,40.199,3.5537160955348014e+21
974,80.351,40.205,3.553985272292036e+21
975,80.331,40.225,3.5535212674525797e+21
976,80.383,40.247,3.553850308591858e+21
977,80.32,40.196,3.553740321283861e+21
978,80.369,40.25,3.55365592719719e+21
979,80.346,40.306,3.552731096073032e+21
980,80.287,40.271,3.5524767637635816e+21
981,80.388,40.259,3.553764754307421e+21
982,80.366,40.206,3.554143573623785e+21
983,80.442,40.286,3.5540572059002963e+21
984,80.361,40.288,3.553114652703065e+21
985,80.453,40.245,3.554668086383797e+21
986,80.384,40.281,3.553458548807378e+21
987,80.459,40.238,3.5548191434623995e+21
988,80.558,40.295,3.555266373942739e+21
989,80.425,40.255,3.554231898271787e+21
990,80.449,40.249,3.554575286168597e+21
991,80.541,40.199,3.556211746410135e+21
992,80.386,40.263,3.5536946426872505e+21
993,80.499,40.324,3.554253278940004e+21
994,80.457,40.321,3.553812411674706e+21
995,80.408,40.333,3.5531143070694575e+21
996,80.46,40.25,3.554688211557834e+21
997,80.51,40.288,3.5548048672890075e+21
998,80.497,40.259,3.555001225179134e+21
999,80.498,40.383,3.5535424730768626e+21
1000,80.531,40.264,3.5553276320785786e+21
1001,80.605,40.309,3.555633544706113e+21
1002,80.548,40.339,3.5546312845882667e+21
1003,80.665,40.312,3.5562785980054624e+21
1004,80.46,40.329,3.5537515985969396e+21
1005,80.648,40.405,3.554983195082094e+21
1006,80.56,40.339,3.5547674082528655e+21
1007,80.585,40.308,3.5554185268286534e+21
1008,80.61,40.323,3.55552428132774e+21
1009,80.642,40.307,3.556076973102679e+21
1010,80.613,40.383,3.554846983266012e+21
1011,80.669,40.335,3.5560512878066716e+21
1012,80.664,40.411,3.5550935614231754e+21
1013,80.526,40.302,3.5548203840476666e+21
1014,80.607,40.342,3.5552649924796094e+21
1015,80.578,40.353,3.554805616804778e+21
1016,80.611,40.329,3.555464490509912e+21
1017,80.641,40.38,3.555200168885634e+21
1018,80.633,40.354,3.5554176601645074e+21
1019,80.634,40.326,3.555760961885834e+21
1020,80.636,40.427,3.554586264883924e+21
1021,80.692,40.424,3.5552570653038026e+21
1022,80.661,40.348,3.555806414856703e+21
1023,80.591,40.418,3.5541825004808265e+21
1024,80.71,40.433,3.5553545542128003e+21
1025,80.766,40.364,3.556807804105374e+21
1026,80.673,40.333,3.5561203739267443e+21
1027,80.689,40.413,3.5553534393979293e+21
1028,80.709,40.401,3.5557225710635655e+21
1029,80.734,40.458,3.5553304285920756e+21
1030,80.712,40.394,3.5558395881281484e+21
1031,80.718,40.428,3.5555045765561104e+21
1032,80.696,40.395,3.5556462361347867e+21
1033,80.682,40.415,3.55525032478072e+21
1034,80.732,40.44,3.5555211268963917e+21
1035,80.703,40.426,3.555358133959328e+21
1036,80.746,40.363,3.5565927877456413e+21
1037,80.77,40.461,3.555703228518488e+21
1038,80.745,40.493,3.555040299213887e+21
1039,80.695,40.44,3.5551014183643654e+21
1040,80.791,40.445,3.556131117386896e+21
1041,80.715,40.468,3.5549963574726665e+21
1042,80.833,40.438,3.556690527746431e+21
1043,80.785,40.457,3.5559207989961283e+21
1044,80.804,40.468,3.556005922579591e+21
1045,80.817,40.462,3.556224515430378e+21
1046,80.819,40.476,3.5560812368143985e+21
1047,80.878,40.495,3.556525260682321e+21
1048,80.763,40.482,3.555374878638019e+21
1049,80.844,40.473,3.5564003861863213e+21
1050,80.785,40.456,3.555932653741708e+21
1051,80.884,40.484,3.556723721391594e+21
1052,80.871,40.452,3.55695560988911e+21
1053,80.834,40.552,3.555350464304404e+21
1054,80.927,40.549,3.5564409525476886e+21
1055,80.855,40.47,3.556560727942748e+21
1056,80.933,40.553,3.556461596096214e+21
1057,80.875,40.526,3.556123745341301e+21
1058,80.943,40.496,3.557250726032296e+21
1059,80.866,40.506,3.5562587411816367e+21
1060,80.953,40.548,3.556747732361605e+21
1061,80.936,40.55,3.556531188136241e+21
1062,80.926,40.494,3.557081597722698e+21
1063,80.791,40.481,3.55570434849681e+21
1064,80.843,40.538,3.5556185094980963e+21
1065,80.921,40.501,3.556941898847151e+21
1066,80.894,40.501,3.5566356277393637e+21
1067,80.973,40.52,3.557306518421642e+21
1068,80.899,40.543,3.556194464560882e+21
1069,80.943,40.53,3.5568476748288717e+21
1070,80.963,40.619,3.5560195465014584e+21
1071,80.944,40.544,3.5566930591783547e+21
1072,80.916,40.587,3.555865729524549e+21
1073,80.996,40.575,3.556915434641355e+21
1074,80.966,40.568,3.556658114392495e+21
1075,80.929,40.553,3.556416222937714e+21
1076,80.992,40.509,3.5576524415809555e+21
1077,81.01,40.621,3.556528969054276e+21
1078,81.075,40.582,3.557728573565166e+21
1079,81.02,40.577,3.5571639648264074e+21
1080,80.958,40.579,3.556436975628596e+21
1081,80.984,40.571,3.556826731291207e+21
1082,81.085,40.59,3.5577471743050666e+21
1083,80.952,40.673,3.555254701156337e+21
1084,81.031,40.561,3.557478405217707e+21
1085,81.019,40.615,3.556702178895581e+21
1086,81.0,40.622,3.5564036837920573e+21
1087,81.044,40.584,3.557353225204545e+21
1088,81.079,40.593,3.5576435532388924e+21
1089,81.197,40.596,3.5589464915497467e+21
1090,81.058,40.665,3.5565518939597145e+21
1091,81.095,40.654,3.557101974729774e+21
1092,81.121,40.607,3.5579540143263266e+21
1093,81.051,40.684,3.556247284531189e+21
1094,81.126,40.67,3.557263959124606e+21
1095,81.026,40.631,3.556591925203416e+21
1096,81.214,40.688,3.5580487932335285e+21
1097,81.257,40.609,3.559472981707456e+21
1098,81.184,40.61,3.5586330743312356e+21
1099,81.114,40.67,3.5571278419345345e+21
1100,81.242,40.614,3.55924356390395e+21
1101,81.151,40.682,3.5574052984011096e+21
1102,81.214,40.668,3.558285858561372e+21
1103,81.219,40.658,3.55846110829211e+21
1104,81.187,40.665,3.5580151548021535e+21
1105,81.179,40.663,3.5579481166376453e+21
1106,81.197,40.689,3.5578441079096387e+21
1107,81.205,40.703,3.5577689094058903e+21
1108,81.237,40.645,3.558819380762243e+21
1109,81.202,40.705,3.5577111742862265e+21
1110,81.174,40.639,3.5581758842819e+21
1111,81.376,40.711,3.559613744227546e+21
1112,81.277,40.706,3.558550049356601e+21
1113,81.21,40.69,3.5579797146502195e+21
1114,81.322,40.689,3.559261991443579e+21
1115,81.271,40.724,3.558268637189189e+21
1116,81.31,40.841,3.5573242842034675e+21
1117,81.264,40.717,3.558272206622299e+21
1118,81.283,40.783,3.557705447718424e+21
1119,81.317,40.735,3.558660033502102e+21
1120,81.242,40.736,3.5577974562429783e+21
1121,81.329,40.731,3.5588435610772995e+21
1122,81.289,40.686,3.558923230075794e+21
1123,81.303,40.762,3.558181208181463e+21
1124,81.33,40.736,3.558795639527052e+21
1125,81.321,40.714,3.5589543181352525e+21
1126,81.319,40.72,3.5588605137551077e+21
1127,81.426,40.706,3.5602401624104103e+21
1128,81.373,40.775,3.558821130381041e+21
1129,81.434,40.776,3.5595011963525834e+21
1130,81.441,40.849,3.5587153778256464e+21
1131,81.466,40.761,3.5600419618251777e+21
1132,81.376,40.778,3.5588196014781025e+21
1133,81.405,40.764,3.559314483557587e+21
1134,81.365,40.823,3.558161475388953e+21
1135,81.434,40.834,3.558813758460216e+21
1136,81.443,40.756,3.559840338188056e+21
1137,81.481,40.77,3.560105430521922e+21
1138,81.482,40.776,3.560045656842517e+21
1139,81.354,40.799,3.558321156561743e+21
1140,81.435,40.782,3.5594414234747556e+21
1141,81.483,40.822,3.559511784039461e+21
1142,81.491,40.839,3.5594010391185704e+21
1143,81.439,40.775,3.5595697636619064e+21
1144,81.417,40.785,3.5592016932842646e+21
1145,81.528,40.861,3.5595599776753223e+21
1146,81.513,40.763,3.560551374678197e+21
1147,81.494,40.802,3.559873603537394e+21
1148,81.567,40.818,3.560511993407187e+21
1149,81.522,40.859,3.559515624904033e+21
1150,81.52,40.801,3.5601803710896417e+21
1151,81.595,40.806,3.5609718242921126e+21
1152,81.577,40.813,3.5606846845269914e+21
1153,81.536,40.836,3.559947022897609e+21
1154,81.674,40.893,3.560836758900854e+21
1155,81.462,40.808,3.559439516691275e+21
1156,81.557,40.816,3.5604222697393713e+21
1157,81.657,40.861,3.561023197440727e+21
1158,81.56,40.777,3.560918552276969e+21
1159,81.582,40.87,3.5600658200549046e+21
1160,81.62,40.905,3.560082030011604e+21
1161,81.621,40.934,3.55974967753166e+21
1162,81.558,40.907,3.5593550783489895e+21
1163,81.698,40.913,3.56087194768704e+21
1164,81.676,40.879,3.5610253720385314e+21
1165,81.581,40.842,3.5603863365270907e+21
1166,81.604,40.864,3.5603864733615265e+21
1167,81.665,40.91,3.5605331935621777e+21
1168,81.664,40.837,3.561387052625354e+21
1169,81.658,40.888,3.56071453462277e+21
1170,81.7,40.928,3.560716857943827e+21
1171,81.599,40.847,3.5605312459923637e+21
1172,81.726,40.93,3.560988064357985e+21
1173,81.714,40.883,3.5614089885596936e+21
1174,81.704,40.916,3.5609044486879723e+21
1175,81.766,40.889,3.5619276989936493e+21
1176,81.662,40.865,3.5610325026701564e+21
1177,81.68,40.904,3.560774444863121e+21
1178,81.843,40.917,3.5624692319940924e+21
1179,81.74,40.937,3.561063900535435e+21
1180,81.722,40.957,3.560622703496275e+21
1181,81.856,40.936,3.562391501520729e+21
1182,81.804,40.954,3.561588353926951e+21
1183,81.76,40.822,3.562653754092069e+21
1184,81.78,40.905,3.5618968648125587e+21
1185,81.843,40.979,3.561734430361538e+21
1186,81.817,40.948,3.5618069176279724e+21
1187,81.776,40.925,3.5616144568637865e+21
1188,81.828,40.955,3.561848725689398e+21
1189,81.941,40.967,3.562988223560013e+21
1190,81.839,40.915,3.562447565094472e+21
1191,81.924,40.941,3.5631035435754513e+21
1192,81.826,40.951,3.561873446667222e+21
1193,81.877,40.995,3.5619304576812015e+21
1194,81.885,40.977,3.562234522285934e+21
1195,81.94,40.959,3.5630716941387296e+21
1196,81.906,40.973,3.5625201228100754e+21
1197,81.902,40.933,3.5629488198153373e+21
1198,81.902,40.955,3.56268808078664e+21
1199,81.953,41.014,3.5625673191081755e+21
1200,81.931,40.948,3.5630999794764905e+21
1201,81.906,40.922,3.563124561868022e+21
1202,82.012,41.0,3.5634024477118153e+21
1203,81.957,40.996,3.5628260120538167e+21
1204,81.95,40.973,3.563019197530464e+21
1205,81.938,40.926,3.563440119832576e+21
1206,81.911,40.99,3.5623753616847977e+21
1207,82.031,41.034,3.5632150133060796e+21
1208,81.935,40.984,3.562718692036325e+21
1209,81.997,41.031,3.56286492120128e+21
1210,81.972,40.978,3.563209476996323e+21
1211,82.01,41.07,3.5625501885355236e+21
1212,81.944,40.99,3.562749666816235e+21
1213,81.973,41.026,3.562651956188723e+21
1214,81.998,40.997,3.5632792060093923e+21
1215,81.951,40.99,3.562829064874419e+21
1216,81.889,40.971,3.562351001443629e+21
1217,81.966,40.97,3.56323623407195e+21
1218,82.036,40.959,3.564160586615554e+21
1219,82.036,40.98,3.56391170004734e+21
1220,82.098,41.081,3.563417965311414e+21
1221,82.0,41.045,3.5627330345695707e+21
1222,82.028,41.039,3.563121730419242e+21
1223,82.035,41.057,3.56298781044294e+21
1224,82.027,40.98,3.563809616683877e+21
1225,82.016,41.037,3.563009322490881e+21
1226,82.003,41.014,3.5631344461516416e+21
1227,82.156,41.064,3.5642772921528583e+21
1228,82.07,41.073,3.563195183155267e+21
1229,82.094,41.07,3.563502954353719e+21
1230,82.057,41.079,3.5629766269694163e+21
1231,82.147,41.097,3.5637841324817976e+21
1232,82.055,41.075,3.5630013449767947e+21
1233,82.094,41.081,3.5633725955817435e+21
1234,82.037,41.063,3.5629393902442523e+21
1235,82.056,41.098,3.562740122966575e+21
1236,82.076,41.048,3.56355951070483e+21
1237,82.16,41.042,3.564583386730456e+21
1238,82.13,41.079,3.5638046247721233e+21
1239,82.128,41.083,3.563734536706198e+21
1240,82.16,41.12,3.563659020394128e+21
1241,82.177,41.076,3.5643732719843887e+21
1242,82.073,41.171,3.5620678802332514e+21
1243,82.205,41.057,3.5649160305563187e+21
1244,82.294,41.102,3.565392211811049e+21
1245,82.187,41.142,3.563704555455008e+21
1246,82.147,41.05,3.564341124913102e+21
1247,82.183,41.077,3.564429475695757e+21
1248,82.223,41.124,3.564326187456959e+21
1249,82.154,41.065,3.564242756230826e+21
1250,82.192,41.182,3.5632872627201764e+21
1251,82.249,41.093,3.5649884613778546e+21
1252,82.17,41.057,3.5645190440623874e+21
1253,82.202,41.111,3.5642420551339863e+21
1254,82.174,41.111,3.563924468385141e+21
1255,82.267,41.166,3.564327534727428e+21
1256,82.217,41.052,3.565111396221488e+21
1257,82.187,41.111,3.5640719193756763e+21
1258,82.254,41.107,3.564879262010364e+21
1259,82.209,41.05,3.5650443588333763e+21
1260,82.231,41.19,3.5636348117067854e+21
1261,82.239,41.119,3.564566918172945e+21
1262,82.26,41.171,3.5641888878804043e+21
1263,82.196,41.058,3.5648020971763563e+21
1264,82.211,41.212,3.5631472718694554e+21
1265,82.35,41.155,3.5653992993907886e+21
1266,82.277,41.207,3.563955107348176e+21
1267,82.276,41.169,3.564394064805838e+21
1268,82.316,41.084,3.565855062313967e+21
1269,82.312,41.156,3.564956441138946e+21
1270,82.271,41.154,3.5645151069951303e+21
1271,82.217,41.145,3.56400927447378e+21
1272,82.252,41.123,3.564666966563494e+21
1273,82.238,41.067,3.5651718204818163e+21
1274,82.237,41.185,3.563762114911917e+21
1275,82.377,41.164,3.565598887932994e+21
1276,82.306,41.152,3.56493578876239e+21
1277,82.291,41.162,3.5646471508087396e+21
1278,82.377,41.14,3.5658833000981547e+21
1279,82.413,41.129,3.566421982328509e+21
1280,82.379,41.198,3.565218664825376e+21
1281,82.37,41.23,3.564737388170227e+21
1282,82.327,41.176,3.564889570022266e+21
1283,82.312,41.188,3.564577234537698e+21
1284,82.318,41.233,3.564112045304771e+21
1285,82.373,41.21,3.5650084114605686e+21
1286,82.392,41.248,3.5647736221290725e+21
1287,82.381,41.218,3.5650043499929786e+21
1288,82.369,41.171,3.5654251971506696e+21
1289,82.507,41.229,3.566303118374532e+21
1290,82.505,41.31,3.565320619185172e+21
1291,82.394,41.231,3.564997751000757e+21
1292,82.472,41.203,3.5662142425169595e+21
1293,82.494,41.217,3.5662978698858437e+21
1294,82.418,41.177,3.565909867059734e+21
1295,82.408,41.217,3.5653224396053335e+21
1296,82.456,41.289,3.5650136911886124e+21
1297,82.516,41.216,3.5665592486631944e+21
1298,82.412,41.215,3.565391508331288e+21
1299,82.53,41.236,3.5664810390473314e+21
1300,82.396,41.216,3.565198182961685e+21
1301,82.418,41.262,3.564902624421927e+21
1302,82.539,41.25,3.5664172203761347e+21
1303,82.405,41.208,3.56539506261431e+21
1304,82.482,41.213,3.5662091635778105e+21
1305,82.545,41.243,3.566568222314304e+21
1306,82.458,41.279,3.56515486886133e+21
1307,82.504,41.188,3.566754948344857e+21
1308,82.398,41.263,3.564663932162794e+21
1309,82.48,41.335,3.564740842430026e+21
1310,82.501,41.243,3.566069166808911e+21
1311,82.493,41.261,3.565765134538853e+21
1312,82.528,41.325,3.5654037496118074e+21
1313,82.508,41.2,3.5666581136872477e+21
1314,82.589,41.26,3.566865829913447e+21
1315,82.547,41.251,3.566496107831539e+21
1316,82.519,41.322,3.565337218450283e+21
1317,82.531,41.314,3.5655681160387887e+21
1318,82.503,41.299,3.5654282764859463e+21
1319,82.482,41.239,3.565901064794561e+21
1320,82.606,41.371,3.565743376335092e+21
1321,82.471,41.312,3.5649112908511435e+21
1322,82.581,41.267,3.566692144541481e+21
1323,82.636,41.246,3.5675648097734885e+21
1324,82.54,41.297,3.565871632140339e+21
1325,82.61,41.25,3.567222513684683e+21
1326,82.621,41.269,3.5671221302801497e+21
1327,82.597,41.273,3.566802520396554e+21
1328,82.64,41.35,3.5663778299095506e+21
1329,82.554,41.362,3.565260232483958e+21
1330,82.689,41.316,3.567336462049364e+21
1331,82.513,41.292,3.5656246425593315e+21
1332,82.623,41.309,3.5666708319189535e+21
1333,82.539,41.308,3.5657299477776365e+21
1334,82.617,41.328,3.566377643446863e+21
1335,82.655,41.352,3.5665242618547347e+21
1336,82.642,41.316,3.566803385569373e+21
1337,82.651,41.341,3.5666092334188614e+21
1338,82.707,41.325,3.5674339744583354e+21
1339,82.64,41.311,3.5668399482322446e+21
1340,82.63,41.324,3.5665724867433616e+21
1341,82.711,41.318,3.567562288342123e+21
1342,82.672,41.358,3.566645981763052e+21
1343,82.703,41.308,3.567590046547713e+21
1344,82.666,41.408,3.56598549397769e+21
1345,82.668,41.402,3.566079268823737e+21
1346,82.676,41.337,3.5669401803814176e+21
1347,82.649,41.362,3.5663377204495683e+21
1348,82.681,41.331,3.5670679857941987e+21
1349,82.641,41.387,3.5659507656184845e+21
1350,82.661,41.315,3.567030733939954e+21
1351,82.693,41.365,3.5668012206536807e+21
1352,82.68,41.358,3.5667367176433246e+21
1353,82.66,41.315,3.567019391885576e+21
1354,82.773,41.349,3.567898164851381e+21
1355,82.735,41.364,3.567289432560309e+21
1356,82.684,41.414,3.5661185574169184e+21
1357,82.652,41.348,3.5665376319379e+21
1358,82.748,41.354,3.56755536907789e+21
1359,82.721,41.286,3.568054895929964e+21
1360,82.747,41.331,3.5678165596799296e+21
1361,82.684,41.366,3.566687293972744e+21
1362,82.728,41.383,3.5669849094412016e+21
1363,82.766,41.298,3.5684230932796995e+21
1364,82.754,41.369,3.5674456849907534e+21
1365,82.823,41.35,3.5684534155312067e+21
1366,82.805,41.368,3.568035974406082e+21
1367,82.733,41.341,3.567539278439342e+21
1368,82.822,41.374,3.568157693361644e+21
1369,82.686,41.356,3.566828467560219e+21
1370,82.775,41.432,3.5669373967864766e+21
1371,82.748,41.352,3.567579067362561e+21
1372,82.849,41.401,3.5681440041107697e+21
1373,82.825,41.372,3.568215417381996e+21
1374,82.812,41.406,3.567665109464647e+21
1375,82.808,41.438,3.5672405877218707e+21
1376,82.833,41.376,3.5682587567839086e+21
1377,82.82,41.467,3.567033089642837e+21
1378,82.785,41.441,3.56694417995599e+21
1379,82.817,41.375,3.568089134521656e+21
1380,82.777,41.353,3.567896136015114e+21
1381,82.881,41.461,3.567796029662704e+21
1382,82.8,41.456,3.566936583303482e+21
1383,82.859,41.394,3.5683403654777044e+21
1384,82.808,41.453,3.5670628626681655e+21
1385,82.788,41.413,3.5673099630909205e+21
1386,82.862,41.389,3.568433636011013e+21
1387,82.963,41.338,3.5701834901640577e+21
1388,82.966,41.414,3.5693169717454973e+21
1389,82.802,41.413,3.5674687496404263e+21
1390,82.86,41.383,3.5684820461462246e+21
1391,82.855,41.445,3.5676907157984866e+21
1392,82.895,41.468,3.5678718770871376e+21
1393,82.941,41.404,3.5691519134463715e+21
1394,82.806,41.419,3.5674430254983367e+21
1395,82.874,41.492,3.5673493445554953e+21
1396,82.892,41.445,3.5681103640579104e+21
1397,82.964,41.433,3.569069160705225e+21
1398,82.786,41.371,3.567784929868945e+21
1399,82.892,41.526,3.5671506693833354e+21
1400,82.847,41.421,3.5678843455575037e+21
1401,82.869,41.496,3.5672452438594237e+21
1402,82.991,41.473,3.5689014486978973e+21
1403,82.944,41.439,3.5687712315303846e+21
1404,82.934,41.468,3.5683142075919316e+21
1405,82.981,41.519,3.56824301702762e+21
1406,82.916,41.472,3.5680626619631335e+21
1407,83.032,41.442,3.5697337684882516e+21
1408,83.008,41.471,3.56911795609521e+21
1409,82.923,41.519,3.567585196934974e+21
1410,82.965,41.505,3.5682274205995143e+21
1411,82.95,41.444,3.56878003963451e+21
1412,82.981,41.47,3.5688235757864034e+21
1413,82.982,41.549,3.56789892610992e+21
1414,82.92,41.444,3.568439784240718e+21
1415,83.029,41.546,3.568467528048146e+21
1416,82.964,41.556,3.567611843095395e+21
1417,83.04,41.472,3.56946904533371e+21
1418,82.93,41.453,3.5684465661680954e+21
1419,83.078,41.562,3.5688337070500883e+21
1420,82.973,41.537,3.5679390228446136e+21
1421,83.036,41.542,3.568594310801293e+21
1422,82.995,41.553,3.5679989774764967e+21
1423,83.027,41.511,3.568859520509233e+21
1424,82.992,41.477,3.5688653971150634e+21
1425,82.977,41.543,3.5679133035018715e+21
1426,83.002,41.583,3.5677229454958254e+21
1427,82.985,41.578,3.567589374442771e+21
1428,82.968,41.587,3.5672899413770156e+21
1429,83.094,41.58,3.568801917211589e+21
1430,83.003,41.57,3.5678883029911213e+21
1431,83.049,41.564,3.568481103849142e+21
1432,83.162,41.544,3.5699996676687884e+21
1433,82.961,41.565,3.567471190929692e+21
1434,83.069,41.597,3.5683169713307333e+21
1435,83.048,41.552,3.568611933722687e+21
1436,83.069,41.531,3.569098913103707e+21
1437,83.017,41.543,3.5683669709869946e+21
1438,83.01,41.581,3.567837373143365e+21
1439,83.038,41.57,3.568285260520946e+21
1440,83.04,41.577,3.568225011563931e+21
1441,83.095,41.613,3.568422297013139e+21
1442,83.036,41.619,3.567682061851123e+21
1443,83.061,41.623,3.5679182128346956e+21
1444,83.098,41.628,3.56827861524645e+21
1445,83.06,41.621,3.567930565323601e+21
1446,83.04,41.609,3.5678458988049104e+21
1447,83.09,41.577,3.5687920931866815e+21
1448,83.087,41.581,3.5687106783472475e+21
1449,82.999,41.621,3.567238730057635e+21
1450,83.068,41.596,3.5683174770150883e+21
1451,83.008,41.634,3.5671867945865157e+21
1452,83.16,41.55,3.569905896810907e+21
1453,83.063,41.567,3.568604344261099e+21
1454,83.162,41.653,3.568708299286843e+21
1455,83.075,41.629,3.568005912600583e+21
1456,83.125,41.611,3.5687862387017866e+21
1457,83.13,41.632,3.568594156628686e+21
1458,83.141,41.608,3.569003245773129e+21
1459,83.141,41.605,3.5690387876871526e+21
1460,83.085,41.561,3.5689249462987574e+21
1461,83.251,41.596,3.5703929901651345e+21
1462,83.135,41.603,3.568994432801183e+21
1463,83.129,41.631,3.5685946621267867e+21
1464,83.135,41.624,3.5687456410358183e+21
1465,83.126,41.677,3.568015683837313e+21
1466,83.23,41.696,3.5689701101825085e+21
1467,83.096,41.633,3.568196697151091e+21
1468,83.161,41.655,3.568673264027046e+21
1469,83.174,41.644,3.5689510199527316e+21
1470,83.205,41.669,3.569006434193873e+21
1471,83.174,41.702,3.5682639107216313e+21
1472,83.147,41.645,3.568632951838849e+21
1473,83.137,41.71,3.567749507104614e+21
1474,83.228,41.66,3.5693739102625176e+21
1475,83.2,41.703,3.568546941478863e+21
1476,83.168,41.62,3.5691673012030485e+21
1477,83.142,41.618,3.5688961149254186e+21
1478,83.171,41.671,3.568597130245821e+21
1479,83.279,41.577,3.570935661720675e+21
1480,83.276,41.584,3.570818702400028e+21
1481,83.234,41.678,3.5692287160272447e+21
1482,83.259,41.66,3.5697254967342746e+21
1483,83.269,41.692,3.5694598130296176e+21
1484,83.291,41.658,3.570112118774896e+21
1485,83.23,41.676,3.5692070436702787e+21
1486,83.2,41.659,3.5690681951719103e+21
1487,83.272,41.694,3.5694701440252253e+21
1488,83.216,41.713,3.568609939978954e+21
1489,83.223,41.692,3.568938106435016e+21
1490,83.222,41.689,3.5689623048406995e+21
1491,83.293,41.661,3.570099260679786e+21
1492,83.291,41.748,3.5690459241364377e+21
1493,83.229,41.695,3.568970615321651e+21
1494,83.236,41.641,3.5696897358106743e+21
1495,83.199,41.731,3.56820390299538e+21
1496,83.243,41.698,3.5690938557426015e+21
1497,83.233,41.731,3.568589510089385e+21
1498,83.329,41.656,3.570566790093071e+21
1499,83.316,41.708,3.569803314250504e+21
1500,83.393,41.673,3.5710912449776095e+21
1501,83.248,41.765,3.5683568634392787e+21
1502,83.168,41.742,3.5677220131311033e+21
1503,83.363,41.702,3.5704074413047635e+21
1504,83.257,41.747,3.568672164089804e+21
1505,83.276,41.705,3.569385197016292e+21
1506,83.246,41.71,3.5689857217556355e+21
1507,83.259,41.715,3.5690739278834937e+21
1508,83.331,41.705,3.57000897549258e+21
1509,83.296,41.722,3.56941063483188e+21
1510,83.282,41.803,3.5682923280617203e+21
1511,83.221,41.756,3.568157260938353e+21
1512,83.328,41.756,3.5693707848546323e+21
1513,83.358,41.758,3.5696873328253846e+21
1514,83.259,41.764,3.5684934640337987e+21
1515,83.289,41.718,3.569378630789399e+21
1516,83.34,41.819,3.5687605915160465e+21
1517,83.315,41.79,3.568820584544465e+21
1518,83.309,41.71,3.5697002311410883e+21
1519,83.378,41.692,3.5706960308298706e+21
1520,83.308,41.794,3.568693812432153e+21
1521,83.288,41.802,3.568372221315338e+21
1522,83.352,41.712,3.5701642188958356e+21
1523,83.383,41.773,3.5697931741605077e+21
1524,83.352,41.754,3.569666669534136e+21
1525,83.349,41.759,3.56957341458835e+21
1526,83.349,41.706,3.570201274499892e+21
1527,83.321,41.733,3.569563859233068e+21
1528,83.328,41.839,3.5683875877349176e+21
1529,83.307,41.762,3.569061540077927e+21
1530,83.382,41.769,3.569829217211974e+21
1531,83.32,41.805,3.5686996049634085e+21
1532,83.302,41.761,3.569016679457258e+21
1533,83.316,41.765,3.5691280739185155e+21
1534,83.369,41.755,3.5698476262221414e+21
1535,83.383,41.767,3.5698642507822274e+21
1536,83.265,41.855,3.567483568708633e+21
1537,83.412,41.799,3.5698140765122273e+21
1538,83.363,41.766,3.5696492703403805e+21
1539,83.368,41.803,3.5692676772514434e+21
1540,83.42,41.786,3.570058803998298e+21
1541,83.341,41.825,3.568700859571548e+21
1542,83.435,41.829,3.569719553069797e+21
1543,83.383,41.817,3.569271956283255e+21
1544,83.365,41.81,3.5691507334001795e+21
1545,83.443,41.801,3.570141964253144e+21
1546,83.347,41.801,3.569053202059161e+21
1547,83.35,41.776,3.5693833726538626e+21
1548,83.429,41.791,3.570101645681901e+21
1549,83.45,41.794,3.5703042747709186e+21
1550,83.399,41.815,3.569477107603797e+21
1551,83.403,41.81,3.569581701220422e+21
1552,83.418,41.83,3.56951490661217e+21
1553,83.421,41.849,3.56932386598543e+21
1554,83.488,41.854,3.570024498709476e+21
1555,83.461,41.886,3.5693392383816006e+21
1556,83.433,41.879,3.569104602197761e+21
1557,83.366,41.801,3.569268686243387e+21
1558,83.459,41.86,3.5696245319746543e+21
1559,83.467,41.886,3.5694072852016194e+21
1560,83.51,41.824,3.5706293739609134e+21
1561,83.394,41.88,3.5686504523719844e+21
1562,83.589,41.847,3.5712528782548355e+21
1563,83.49,41.845,3.570153790614898e+21
1564,83.426,41.878,3.569037059282035e+21
1565,83.473,41.863,3.569747772392153e+21
1566,83.526,41.852,3.5704791549044835e+21
1567,83.465,41.872,3.5695504354067963e+21
1568,83.553,41.86,3.570690602735818e+21
1569,83.465,41.796,3.570450702047465e+21
1570,83.516,41.858,3.570294670043838e+21
1571,83.514,41.839,3.5704970531582074e+21
1572,83.455,41.874,3.5694133333774576e+21
1573,83.466,41.95,3.5686378768341433e+21
1574,83.506,41.866,3.570086494967716e+21
1575,83.521,41.851,3.5704342944823965e+21
1576,83.503,41.957,3.568974583491446e+21
1577,83.552,41.874,3.570513425498468e+21
1578,83.465,41.925,3.5689226510461813e+21
1579,83.528,41.883,3.5701346302121927e+21
1580,83.495,41.85,3.570151268973073e+21
1581,83.445,41.926,3.5686839848673346e+21
1582,83.597,41.87,3.5710711593387483e+21
1583,83.486,41.92,3.569220037549349e+21
1584,83.551,41.901,3.570182263070302e+21
1585,83.449,41.873,3.569357131646897e+21
1586,83.588,41.888,3.5707558721458584e+21
1587,83.533,41.917,3.569788603123081e+21
1588,83.555,41.952,3.5696235396345207e+21
1589,83.518,41.876,3.570104135596888e+21
1590,83.583,41.939,3.570095069878015e+21
1591,83.555,41.929,3.569895968304721e+21
1592,83.498,41.856,3.570114219663233e+21
1593,83.562,41.943,3.5698095288650055e+21
1594,83.49,41.901,3.5694904551984873e+21
1595,83.594,41.942,3.570184287086564e+21
1596,83.533,41.932,3.56961093045284e+21
1597,83.545,41.943,3.5696167310926996e+21
1598,83.567,42.009,3.5690845036923616e+21
1599,83.603,41.964,3.5700257735402324e+21
1600,83.586,41.894,3.570662118352558e+21
1601,83.505,41.97,3.5688432880527407e+21
1602,83.551,41.938,3.569744000957218e+21
1603,83.535,41.955,3.5693611853135463e+21
1604,83.498,41.948,3.5690244790318934e+21
1605,83.596,41.922,3.570443866636608e+21
1606,83.61,41.98,3.5699156485029573e+21
1607,83.542,41.967,3.569298438433346e+21
1608,83.571,41.917,3.570219564430588e+21
1609,83.488,41.978,3.568555736670839e+21
1610,83.588,41.864,3.5710401618208007e+21
1611,83.591,41.928,3.570316091645449e+21
1612,83.546,41.911,3.5700071070583525e+21
1613,83.509,42.053,3.567905603095846e+21
1614,83.561,41.959,3.569608673697627e+21
1615,83.61,41.998,3.569702450332506e+21
1616,83.488,41.997,3.5683306975884293e+21
1617,83.579,41.934,3.570108929680528e+21
1618,83.584,41.965,3.569798449776838e+21
1619,83.586,42.014,3.569240761117317e+21
1620,83.599,42.008,3.5694592579044476e+21
1621,83.568,41.996,3.5692498185157115e+21
1622,83.566,42.066,3.568398065991083e+21
1623,83.596,42.06,3.5688093530779775e+21
1624,83.624,42.093,3.568736061015762e+21
1625,83.599,41.983,3.569755364460721e+21
1626,83.496,41.971,3.5687293746929436e+21
1627,83.627,41.988,3.5700136899216146e+21
1628,83.648,41.957,3.570619031830815e+21
1629,83.519,42.035,3.568232197757536e+21
1630,83.609,41.975,3.5699635297797894e+21
1631,83.722,41.977,3.571221372832761e+21
1632,83.641,42.015,3.569852668224985e+21
1633,83.676,42.049,3.5698469037010175e+21
1634,83.637,42.024,3.5697007076887993e+21
1635,83.664,42.023,3.570018756512768e+21
1636,83.654,42.045,3.569644779836417e+21
1637,83.621,42.005,3.5697442911893423e+21
1638,83.617,41.991,3.569864747139706e+21
1639,83.686,42.066,3.5697589678436783e+21
1640,83.724,42.066,3.570189920097e+21
1641,83.725,41.993,3.5710658827584154e+21
1642,83.661,42.16,3.568362183556318e+21
1643,83.712,42.026,3.5705275880660297e+21
1644,83.651,42.1,3.5689593591942684e+21
1645,83.703,41.983,3.570934826530653e+21
1646,83.769,42.048,3.570913449183553e+21
1647,83.661,41.994,3.570328216588868e+21
1648,83.719,42.049,3.570334561366155e+21
1649,83.76,42.061,3.5706574099584317e+21
1650,83.701,42.088,3.56966852057836e+21
1651,83.705,42.118,3.5693585821010824e+21
1652,83.727,42.063,3.5702594740395023e+21
1653,83.758,42.003,3.571321689695549e+21
1654,83.756,42.024,3.5710502766794837e+21
1655,83.714,42.069,3.5700409803625097e+21
1656,83.695,42.099,3.569470197559708e+21
1657,83.642,42.052,3.5694257825239883e+21
1658,83.635,42.101,3.5687660631793567e+21
1659,83.691,42.027,3.570277584790417e+21
1660,83.707,42.032,3.570399818839808e+21
1661,83.668,42.053,3.569708801353006e+21
1662,83.719,42.088,3.5698726552236967e+21
1663,83.671,42.083,3.5693875136997433e+21
1664,83.622,42.084,3.5688199699934295e+21
1665,83.73,42.005,3.57098045433193e+21
1666,83.762,42.118,3.570005005747428e+21
1667,83.659,42.146,3.568505301837117e+21
1668,83.732,42.05,3.570470148801368e+21
1669,83.71,42.065,3.5700429919760873e+21
1670,83.633,42.108,3.568660478762583e+21
1671,83.755,42.129,3.5697953443887443e+21
1672,83.68,42.035,3.5700580823848767e+21
1673,83.716,42.019,3.570655861031355e+21
1674,83.77,42.133,3.5699180827151743e+21
1675,83.755,42.084,3.5703282990558945e+21
1676,83.804,42.125,3.57039841431671e+21
1677,83.836,42.137,3.570619198509956e+21
1678,83.733,42.115,3.5697116534569336e+21
1679,83.769,42.169,3.569480392928156e+21
1680,83.726,42.069,3.5701770704902575e+21
1681,83.719,42.111,3.5696002559364463e+21
1682,83.643,42.14,3.568394907732299e+21
1683,83.671,42.125,3.56889009396152e+21
1684,83.799,42.17,3.5698087705600055e+21
1685,83.657,42.089,3.569157681323974e+21
1686,83.756,42.15,3.5695579796280013e+21
1687,83.797,42.091,3.570721707681056e+21
1688,83.788,42.151,3.569909039432543e+21
1689,83.793,42.198,3.569409129509887e+21
1690,83.775,42.107,3.5702827132220683e+21
1691,83.708,42.173,3.5687412402305164e+21
1692,83.786,42.149,3.569910044138089e+21
1693,83.797,42.161,3.569892675596314e+21
1694,83.703,42.131,3.569181939230699e+21
1695,83.781,42.134,3.570030987657363e+21
1696,83.784,42.189,3.569413647546939e+21
1697,83.735,42.163,3.569165866639581e+21
1698,83.799,42.093,3.570720702003549e+21
1699,83.738,42.161,3.569223574467738e+21
1700,83.772,42.097,3.5703671259493716e+21
1701,83.815,42.174,3.5699428498860907e+21
1702,83.81,42.172,3.569909832267876e+21
1703,83.844,42.16,3.5704375314166165e+21
1704,83.759,42.131,3.569817020949158e+21
1705,83.846,42.233,3.569595694829639e+21
1706,83.771,42.16,3.5696096604122356e+21
1707,83.834,42.182,3.570063579762921e+21
1708,83.835,42.284,3.568867001543335e+21
1709,83.85,42.21,3.5699134341279924e+21
1710,83.8,42.163,3.5699030117432967e+21
1711,83.737,42.243,3.5682411499886944e+21
1712,83.693,42.199,3.568263223254089e+21
1713,83.785,42.202,3.569271034081407e+21
1714,83.742,42.232,3.5684281164727965e+21
1715,83.705,42.206,3.568316413887088e+21
1716,83.787,42.239,3.568855547057469e+21
1717,83.813,42.16,3.5700859697572227e+21
1718,83.833,42.264,3.5690811593991143e+21
1719,83.789,42.206,3.5692690264133196e+21
1720,83.806,42.233,3.569142071539121e+21
1721,83.8,42.2,3.5694648287472554e+21
1722,83.81,42.279,3.5686426981879026e+21
1723,83.739,42.245,3.5682401469559666e+21
1724,83.859,42.192,3.57022866810642e+21
1725,83.831,42.207,3.5697334900848984e+21
1726,83.792,42.183,3.569575429130858e+21
1727,83.781,42.155,3.5697822823258186e+21
1728,83.796,42.241,3.568933927787428e+21
1729,83.781,42.185,3.5694269963905023e+21
1730,83.821,42.241,3.569217442025189e+21
1731,83.751,42.229,3.5685657084240053e+21
1732,83.822,42.18,3.5699511774470225e+21
1733,83.748,42.208,3.568780375866819e+21
1734,83.767,42.221,3.568841896328539e+21
1735,83.842,42.187,3.570095090963287e+21
1736,83.809,42.235,3.569152408704257e+21
1737,83.767,42.238,3.56864057778392e+21
1738,83.825,42.208,3.5696536037702846e+21
1739,83.764,42.225,3.568760505223077e+21
1740,83.76,42.265,3.568241458582481e+21
1741,83.818,42.196,3.5697163307868425e+21
1742,83.851,42.268,3.569237920795332e+21
1743,83.796,42.197,3.569454994046777e+21
1744,83.821,42.189,3.569833251686669e+21
1745,83.8,42.246,3.5689200791417515e+21
1746,83.749,42.253,3.5682588161844775e+21
1747,83.761,42.219,3.5687975374191943e+21
1748,83.764,42.312,3.567730261134721e+21
1749,83.811,42.252,3.568973772423677e+21
1750,83.815,42.22,3.5693980876262353e+21
1751,83.769,42.289,3.568059319876659e+21
1752,83.843,42.228,3.5696208849770025e+21
1753,83.787,42.225,3.569021338908462e+21
1754,83.773,42.271,3.5683178340576967e+21
1755,83.755,42.271,3.56811370466709e+21
1756,83.869,42.255,3.5695959978439176e+21
1757,83.895,42.264,3.5697842724360857e+21
1758,83.869,42.225,3.569951267699835e+21
1759,83.815,42.313,3.568296782867888e+21
1760,83.958,42.267,3.570463199333555e+21
1761,83.884,42.298,3.569256900050936e+21
1762,83.838,42.296,3.5687589214891016e+21
1763,83.824,42.333,3.568162017845771e+21
1764,83.797,42.312,3.568104496195584e+21
1765,83.827,42.277,3.56885917062956e+21
1766,83.845,42.318,3.568577788704071e+21
1767,83.91,42.31,3.569409651184576e+21
1768,83.892,42.302,3.56930025673664e+21
1769,83.864,42.355,3.5683551257915844e+21
1770,83.895,42.382,3.5683869673063973e+21
1771,83.916,42.326,3.569288227534149e+21
1772,83.922,42.319,3.5694391614551464e+21
1773,83.92,42.362,3.568907298652047e+21
1774,83.915,42.343,3.569075581774642e+21
1775,83.935,42.335,3.5693971217405895e+21
1776,83.945,42.343,3.5694157939855867e+21
1777,83.843,42.417,3.567382843169463e+21
1778,83.968,42.334,3.569783197167015e+21
1779,83.864,42.372,3.568153826600217e+21
1780,83.965,42.33,3.5697965422767306e+21
1781,83.997,42.343,3.570005495151226e+21
1782,83.917,42.334,3.56920483567769e+21
1783,83.963,42.335,3.5697146534940713e+21
1784,83.961,42.358,3.5694196193685086e+21
1785,83.903,42.367,3.568655306339985e+21
1786,83.898,42.332,3.5690130506261274e+21
1787,83.901,42.347,3.568869450611509e+21
1788,83.855,42.315,3.568726717875895e+21
1789,83.896,42.381,3.568410148657672e+21
1790,83.933,42.34,3.5693152334538117e+21
1791,83.868,42.339,3.5685899480530205e+21
1792,83.96,42.347,3.569538534250695e+21
1793,83.942,42.362,3.569156786941415e+21
1794,83.852,42.387,3.5678401279360044e+21
1795,84.017,42.317,3.570540187375842e+21
1796,83.945,42.417,3.5685395526768735e+21
1797,83.891,42.363,3.56856658654364e+21
1798,83.96,42.408,3.5688162243005393e+21
1799,83.881,42.38,3.568251884451435e+21
1800,83.925,42.367,3.5689047944542945e+21
1801,83.888,42.382,3.5683075848916524e+21
1802,83.862,42.417,3.567598308665941e+21
1803,83.913,42.427,3.56805825698868e+21
1804,83.894,42.406,3.5680914457775587e+21
1805,83.925,42.397,3.568549563025127e+21
1806,83.887,42.341,3.5687817331233936e+21
1807,83.961,42.469,3.5681052904134835e+21
1808,83.923,42.452,3.567875647461628e+21
1809,83.976,42.415,3.5689147832469983e+21
1810,83.879,42.378,3.568252885761862e+21
1811,83.942,42.415,3.568529213303048e+21
1812,83.948,42.354,3.569319559727108e+21
1813,84.001,42.445,3.568843069379697e+21
1814,83.993,42.435,3.568870753390672e+21
1815,83.985,42.457,3.5685195397245085e+21
1816,83.954,42.423,3.568570570915075e+21
1817,83.915,42.391,3.5685072053105244e+21
1818,84.041,42.444,3.5693085198002186e+21
1819,83.946,42.473,3.5678878264195306e+21
1820,83.979,42.487,3.5680962903754623e+21
1821,83.965,42.445,3.568434820568115e+21
1822,84.024,42.445,3.5691038950093195e+21
1823,83.925,42.484,3.567519440914934e+21
1824,84.013,42.459,3.5688133851331565e+21
1825,83.971,42.411,3.568905445072844e+21
1826,84.009,42.476,3.5685667381656205e+21
1827,83.985,42.478,3.56827089301802e+21
1828,83.906,42.449,3.567718384562203e+21
1829,84.103,42.39,3.5706510287206293e+21
1830,83.979,42.368,3.569505333097885e+21
1831,83.997,42.531,3.5677794562653427e+21
1832,83.932,42.433,3.5682026786055347e+21
1833,83.957,42.516,3.567503447979137e+21
1834,84.037,42.398,3.569807837911889e+21
1835,83.953,42.42,3.5685947527698994e+21
1836,83.994,42.425,3.5690005005996597e+21
1837,83.942,42.381,3.5689318045991913e+21
1838,84.024,42.505,3.5683934764607613e+21
1839,83.961,42.446,3.568377619095991e+21
1840,84.105,42.501,3.5693593892364715e+21
1841,83.956,42.513,3.5675276273099064e+21
1842,84.003,42.431,3.569031518718287e+21
1843,84.062,42.512,3.56874152180945e+21
1844,84.138,42.526,3.569437611386497e+21
1845,83.971,42.509,3.567745088874149e+21
1846,84.091,42.517,3.569011185643371e+21
1847,84.041,42.498,3.5686691395680233e+21
1848,84.089,42.479,3.569438432639984e+21
1849,84.056,42.519,3.56859060118885e+21
1850,83.995,42.588,3.567081927398578e+21
1851,84.079,42.557,3.568401512087974e+21
1852,84.037,42.474,3.568907944298971e+21
1853,84.122,42.479,3.5698126589339134e+21
1854,84.069,42.547,3.568406507815565e+21
1855,84.101,42.561,3.5686036350661385e+21
1856,84.044,42.505,3.5686202794490735e+21
1857,84.047,42.464,3.569139750320165e+21
1858,84.037,42.554,3.5679607479461683e+21
1859,84.166,42.521,3.5698143349753617e+21
1860,84.003,42.547,3.5676580623564333e+21
1861,84.084,42.566,3.5683516562738213e+21
1862,84.083,42.535,3.568707346185234e+21
1863,84.108,42.472,3.569736779328349e+21
1864,84.002,42.527,3.5678835158237787e+21
1865,84.094,42.53,3.568891286639105e+21
1866,84.029,42.499,3.568521217550752e+21
